index	target	targetID	GuideSeq	predicted_value_sigmoid	FoldChange	eff
M100_cocktail_algorithm_1	tarbp2	ENSDARG00000070471	CCTGACCCTCGGCCTTCAGCAGG	0.10122352	0.5275	1.9
M101_cocktail_algorithm_1	tatdn2	ENSDARG00000070618	TCGCCCAGTCCAGCAGACCCAGT	0.36642754	0.5315	2.39
M103_cocktail_algorithm_4	tlk2	ENSDARG00000010779	TGAACTCTTACTGCTCTCCAGCG	0.4415525	0.3375	2.98
M104_cocktail_algorithm_4	tspan31	ENSDARG00000074554	GAGACGATGCCAAAGCCTTTGCC	0.027692063	0.2495	4.055
M105_cocktail_algorithm_4	usp1	ENSDARG00000056414	GGACCTCCTGTGCGTCATGCTGC	0.61263865	0.144	7.02
M107_cocktail_algorithm_7	zmynd11	ENSDARG00000057249	TCCTGGGAGCCAGTAGCCCTCCT	0.39768723	0.782	1.345
M108_cocktail_algorithm_7	ube2g1a	ENSDARG00000015292	ATCATCTATCAAACCGGCTGAGA	0.09541853	0.262	3.86
M109_cocktail_algorithm_7	ago4	ENSDARG00000100854	CTGATCCTTCCCTTCACCCGGCA	0.23625933	0.5165	2.235
M111_cocktail_algorithm_1	atxn2l	ENSDARG00000011597	CACAGCCCCACCTCTTTCACCCC	0.10936902	0.763	1.35
M112_cocktail_algorithm_1	bckdk	ENSDARG00000016904	CGCCATGAGCCCCGGTCACCGGA	0.01346229	0.4295	2.33
M113_cocktail_algorithm_1	bzw1b	ENSDARG00000099148	CTTTTAAAAACAGGAGCAACTTC	0.00814937	0.6005	1.67
M115_cocktail_algorithm_4	calm2a	ENSDARG00000031427	AACTCTTTGGTAGTAATTGTACC	0.083238766	0.6935	1.455
M116_cocktail_algorithm_4	chd8	ENSDARG00000075543	GCTGGCCTTGCTGACCCGACCCT	0.22114807	0.7115	1.415
M117_cocktail_algorithm_4	cstf2	ENSDARG00000090788	CAGCTGCTCCTCTGTGGCCTCAT	0.19406135	0.0482	23.95
M119_cocktail_algorithm_7	ddx39ab	ENSDARG00000015111	CTGCACTTCAGAGGGATGCTCGA	0.45987767	0.258	3.93
M120_cocktail_algorithm_7	ddx3xa	ENSDARG00000020573	GACTGTTTCCTCCTGTTCCTCCT	0.37882507	0.286	3.51
M121_cocktail_algorithm_7	ddx3xb	ENSDARG00000005774	TGGGCCCGCGCCCGGCGAAACTG	0.04884028	0.7365	1.44
M123_cocktail_algorithm_1	drap1	ENSDARG00000041203	GAATCTGGCGTTGTATTTCTTCT	0.043017134	0.182	5.57
M124_cocktail_algorithm_1	erf	ENSDARG00000063417	CCTCACTAGGAGAAAGAACGTCC	0.35086447	0.468	2.175
M125_cocktail_algorithm_1	h2az2a	ENSDARG00000068820	TCCTACTCGACCATGGCTTGTAG	0.20358013	0.4525	2.27
M127_cocktail_algorithm_4	ilf2	ENSDARG00000014591	AAGCAGTCTCATCAGAGGCCGGC	0.3873196	0.207	4.865
M128_cocktail_algorithm_4	kdm3b	ENSDARG00000062267	CCCAGGGCTGCTCAAACTCTGGC	0.068181396	0.3595	3.06
M129_cocktail_algorithm_4	nfyc	ENSDARG00000070151	AGTAAGATTCCTGATCTCTTCCA	0.14228916	0.4845	2.11
M131_cocktail_algorithm_7	qrich1	ENSDARG00000019797	AGCCCGCCACCTCTGTGCTGTCC	0.24432518	0.08035	14.145
M132_cocktail_algorithm_7	rbm7	ENSDARG00000020841	GGGCGAGTGGCGCTGCCCGCGGT	0.0063007097	0.871	1.155
M133_cocktail_algorithm_7	rtf2	ENSDARG00000040607	GCTACGAATGTGAGCCACAACCT	0.5254265	0.737	1.4
M135_cocktail_algorithm_2	ppp4r2a	ENSDARG00000026540	TACTCTTCACTGCACCACTGTGA	0.06632269	0.7195	1.39
M136_cocktail_algorithm_2	abhd17c	ENSDARG00000058452	GATGTAGAAGCTGCACATCTGGC	0.32308576	1	1
M137_cocktail_algorithm_2	alg3	ENSDARG00000053155	CCAGCTGAATGACAGCACAGAGA	0.63170576	0.3465	2.88
M138_cocktail_algorithm_2	ctdspl2a	ENSDARG00000061587	CCCAGTCCTCTTCATAAGTCCCC	0.13376497	0.513	1.95
M139_cocktail_algorithm_5	ctdspl3	ENSDARG00000089646	TCCCGGAGGTGATGGACTGGAGT	0.031381305	0.1465	7.095
M140_cocktail_algorithm_5	dctpp1	ENSDARG00000054334	AGTCCTTGTATTCAGTGTATTTC	0.08323134	0.5435	1.86
M141_cocktail_algorithm_5	emc6	ENSDARG00000035282	GATGAGGAGCAGCGACAGCAGGA	0.4224685	0.495	2.04
M142_cocktail_algorithm_5	golga7	ENSDARG00000057676	TCCTGGATGAACTTAGCAATCTT	0.062730424	0.972	1.03
M143_cocktail_algorithm_8	gtf3ab	ENSDARG00000071583	TCTCACAGTCTCCACATGCAAAT	0.10889122	1	1
M144_cocktail_algorithm_8	hexim1	ENSDARG00000036482	CGTTTTGTCTGCAGGAAACCCGT	0.024662517	1	1
M146_cocktail_algorithm_8	kdm2ab	ENSDARG00000078133	TATCGCTCCAAGACGTACCAGCA	0.6015152	0.4785	2.355
M147_cocktail_algorithm_2	lmnb1	ENSDARG00000044299	CATCTACATCCAGCTCATCGATG	0.043123085	0.5705	1.76
M149_cocktail_algorithm_2	mier1a	ENSDARG00000041072	AGAGCAGTGCTGTGAGACACACT	0.55586547	1	1
M151_cocktail_algorithm_5	mycla	ENSDARG00000006003	GCTCTCCATGCGCAACCTTCTCC	0.053024247	0.6735	1.485
M152_cocktail_algorithm_5	naa40	ENSDARG00000024109	GCCCATTCCACTGTATCTGGACT	0.06757194	0.183	5.47
M153_cocktail_algorithm_5	nfyal	ENSDARG00000001621	GATGGCAGTCTGTGGCTGCTGGA	0.6755478	0.8115	1.235
M155_cocktail_algorithm_8	pabpn1l	ENSDARG00000087996	CTATTAAAGTACATCTCCAATTC	0.084602736	0.946	1.06
M156_cocktail_algorithm_8	prrg4	ENSDARG00000030753	GGAGATGATGCCCACCAGCAAAA	0.056882314	0.6585	1.52
M157_cocktail_algorithm_8	pttg1	ENSDARG00000075421	CTCCTCAGCTTCATGAGAGCTTG	0.72162014	0.332	3.015
M159_cocktail_algorithm_2	rpp25l	ENSDARG00000070131	ACATCCTGAAGTGTGCGGTAGGC	0.20672077	0.2845	3.64
M160_cocktail_algorithm_2	setdb1b	ENSDARG00000099021	ACAAGGCTGCCATCCACTTCTTC	0.045090012	0.667	1.515
M161_cocktail_algorithm_2	stk26	ENSDARG00000060390	ACCCGCAACCCCGAAATCTGCCA	0.04962922	1	1
M163_cocktail_algorithm_5	syncripl	ENSDARG00000026723	CCATGACCTCAGGATCGGGGTCT	0.010268966	0.9525	1.05
M164_cocktail_algorithm_5	tia1	ENSDARG00000052536	GAAGAATGAAACAAAACCATAGC	0.31657654	0.841	1.19
M165_cocktail_algorithm_5	ube2al	ENSDARG00000003017	CATACACATTTGGATGAAACATC	0.04281179	1	1
M167_cocktail_algorithm_8	zc3h18	ENSDARG00000062506	TCATCTATCTCTCCCTCATCGAT	0.03831404	0.456	2.48
M168_cocktail_algorithm_8	znf367	ENSDARG00000021086	GTCGGCCCGCGGACGGCCACGCC	0.0067924084	1	1
M169_cocktail_algorithm_8	znf395a	ENSDARG00000060113	GCGGAGAAGGGGCAGGGCTTCCG	0.10408705	0.656	1.52
M171_cocktail_algorithm_2	ncbp2	ENSDARG00000014898	TGCGGTCGTCCAGACGCGTGCCG	0.1473104	0.3645	2.78
M172_cocktail_algorithm_2	h2af1al	ENSDARG00000098739	CCTGCGAGCTCCAGCACCTCAGC	0.089908354	1	1
M173_cocktail_algorithm_2	aebp2	ENSDARG00000006038	TACCCCGCCACGCTGTCCATCCA	0.31048116	0.8395	1.2
M175_cocktail_algorithm_5	cdca7b	ENSDARG00000076659	TGGTTCACGCTGCGTCCTGTTTC	0.027965575	0.392	2.56
M176_cocktail_algorithm_5	dcun1d3	ENSDARG00000011493	GTCAGCCTGGATCGCCTTGCAGC	0.26434225	0.92	1.095
M177_cocktail_algorithm_5	dnajc5ga	ENSDARG00000041896	ACTGTAGCCTTGAACCACCACTT	0.28948033	1	1
M179_cocktail_algorithm_8	h1m	ENSDARG00000102892	CCACGAATAGCCTGAGCGGAAAC	0.25643164	0.448	2.235
M180_cocktail_algorithm_8	hcfc1a	ENSDARG00000015990	ACTCTGAGCAGATGGAGCAGCTG	0.40519315	0.312	3.205
M181_cocktail_algorithm_8	kdm4ab	ENSDARG00000019103	CCAAGACTTTGGTTCCCCGAAGT	0.21790875	0.84	1.205
M183_cocktail_algorithm_2	papolg	ENSDARG00000012141	CAAATATAGGATCTCATCTGTAA	0.022252692	0.3495	2.91
M184_cocktail_algorithm_2	peli2	ENSDARG00000029045	ACCACCCGGCAGGCGAAGCGGGA	0.047733545	0.7655	1.325
M185_cocktail_algorithm_2	ppp4r2b	ENSDARG00000053447	ATAAATACAACTGACCACCATCA	0.21354175	1	1
M187_cocktail_algorithm_5	rbbp5	ENSDARG00000042147	CAGGATCTTCACCAGGTTGCCGA	0.7588572	0.157	6.655
M188_cocktail_algorithm_5	rbm25b	ENSDARG00000006395	ACTCGACTCATCGTCCTGTGACT	0.028365854	0.1023	10.05
M189_cocktail_algorithm_5	rnf128a	ENSDARG00000016867	TTTATACGAATCAATACAAACTG	0.01377341	1	1
M191_cocktail_algorithm_8	smarce1	ENSDARG00000016871	AGGGCTCCCCTTTGTCTAAACGT	0.14615321	0.5995	1.705
M192_cocktail_algorithm_8	smurf1	ENSDARG00000016086	AAGCAGCTGAGAGGCCGTCCGGG	0.09266209	0.625	1.61
M193_cocktail_algorithm_8	snupn	ENSDARG00000008395	TGACCGTTTCCCAACTGGACAAA	0.017257143	0.717	1.42
M195_cocktail_algorithm_2	suz12a	ENSDARG00000070256	GTTAGATAGCTCTTCAATAACAT	0.053983092	1	1
M196_cocktail_algorithm_2	tarbp2	ENSDARG00000070471	ACAAACCCATCTCCCTCCATCCC	0.57770044	0.2505	3.99
M197_cocktail_algorithm_2	tatdn2	ENSDARG00000070618	CTCGTCCTGTGAGAACACTTCAA	0.012810271	0.5725	1.75
M199_cocktail_algorithm_5	tlk2	ENSDARG00000010779	CATCCGTCCACTGCTCTGTAAAT	0.005746799	0.619	1.625
M200_cocktail_algorithm_5	tspan31	ENSDARG00000074554	ACAGGAAACTCCAAACTGGAAGA	0.049491253	0.4395	2.275
M201_cocktail_algorithm_5	usp1	ENSDARG00000056414	CTTCTCTTGCTCTTCTGTGCCAT	0.35655746	0.167	6.005
M203_cocktail_algorithm_8	zmynd11	ENSDARG00000057249	GCATCAGCCCTGAACTCCTCAAA	0.02940806	1	1
M204_cocktail_algorithm_8	ube2g1a	ENSDARG00000015292	AAGATGGGCTTTAAAGACACCAC	0.11595849	0.511	1.96
M205_cocktail_algorithm_8	ago4	ENSDARG00000100854	GATCTCCTTGGTGAACTTGACAC	0.36496916	0.109	9.165
M207_cocktail_algorithm_2	atxn2l	ENSDARG00000011597	TCCTCCTCTGACTGACAGAGAGC	0.14430968	0.757	1.34
M208_cocktail_algorithm_2	bckdk	ENSDARG00000016904	GTCGCTCAGCATGTGGTAGGCCC	0.67115724	0.0649	18.5
M209_cocktail_algorithm_2	bzw1b	ENSDARG00000099148	CGCCCAGAGAGATCTGCTCCTGG	0.11346925	0.5825	1.72
M211_cocktail_algorithm_5	calm2a	ENSDARG00000031427	ATCCTTATCAAAGACACGGAATG	0.16982451	0.9205	1.095
M212_cocktail_algorithm_5	chd8	ENSDARG00000075543	AGGGTAGAGAGCACCACTTCACC	0.04942479	0.8725	1.15
M213_cocktail_algorithm_5	cstf2	ENSDARG00000090788	ATGATTGGAGCTCCAGTGCCCAA	0.49101552	0.416	2.415
M215_cocktail_algorithm_8	ddx39ab	ENSDARG00000015111	CTCTTCTTCAGCACATCCTCGTC	0.02405718	0.7235	1.385
M216_cocktail_algorithm_8	ddx3xa	ENSDARG00000020573	CCATTCTCCTGCTGGGTGCTGGC	0.45116633	0.554	1.91
M217_cocktail_algorithm_8	ddx3xb	ENSDARG00000005774	CCACCGCCACCGAAACCTCCACG	0.30259058	0.4295	2.455
M219_cocktail_algorithm_2	drap1	ENSDARG00000041203	GCGTTGCGGGACTGAGTGACGTC	0.20143947	0.337	2.98
M220_cocktail_algorithm_2	erf	ENSDARG00000063417	ACACACTCTGAGTGTGAGCTTGC	0.8156678	0.4295	2.34
M221_cocktail_algorithm_2	h2az2a	ENSDARG00000068820	GAGGAGTGATGCGCTTCACCTTC	0.33061644	0.58	1.725
M223_cocktail_algorithm_5	ilf2	ENSDARG00000014591	CAAAGTTTCCAGGTGCCACAATT	0.11774798	0.322	3.13
M225_cocktail_algorithm_5	nfyc	ENSDARG00000070151	TGGCCATGGCAATGTCATTCCTC	0.4063588	0.2585	3.9
M227_cocktail_algorithm_8	qrich1	ENSDARG00000019797	GTCCACTTCCCTGGGGGAACCCT	0.27373302	0.6305	1.61
M228_cocktail_algorithm_8	rbm7	ENSDARG00000020841	TACAAATGCAAACAGTTTTGACT	0.007655975	0.1165	8.615
M229_cocktail_algorithm_8	rtf2	ENSDARG00000040607	ATGGTCCTGGAGCTGAATCACTG	0.16526788	0.9745	1.025
M231_cocktail_algorithm_3	ppp4r2a	ENSDARG00000026540	TCCTCCTCCTCCTCCGCTTGCTG	0.38718516	0.1855	5.76
M232_cocktail_algorithm_3	abhd17c	ENSDARG00000058452	CCGCTTCGATGTCCGCGTACAGG	0.8302307	0.28	4.08
M233_cocktail_algorithm_3	alg3	ENSDARG00000053155	CAGTCCACTTAAACAGAAACTGC	0.026394388	0.933	1.07
M234_cocktail_algorithm_3	ctdspl2a	ENSDARG00000061587	AACCAAAGTCTCATCTAGATCGA	0.5551604	0.527	2.01
M235_cocktail_algorithm_6	ctdspl3	ENSDARG00000089646	GTTTCATCCAAATCCAGCACCAG	0.7738521	0.8605	1.16
M236_cocktail_algorithm_6	dctpp1	ENSDARG00000054334	GAACTCAGCCTGCATGCGGCGGA	0.070837714	0.1985	5.455
M237_cocktail_algorithm_6	emc6	ENSDARG00000035282	AGGCCTCCGACGAGGCCCCCGGT	0.00845287	1	1
M238_cocktail_algorithm_6	golga7	ENSDARG00000057676	ACCAATACTTCTATCCTCAAATA	0.016386576	0.5165	1.945
M245_cocktail_algorithm_3	mier1a	ENSDARG00000041072	AAAACTCCAGGACGAAGGCTGTA	0.47015682	0.2345	4.255
M248_cocktail_algorithm_6	naa40	ENSDARG00000024109	AAAGCCTCCCTGAAGAACTGGTA	0.02303705	0.6125	1.635
M249_cocktail_algorithm_6	nfyal	ENSDARG00000001621	TCTCACCTGCATCGCCAAGGCCA	0.4585664	0.735	1.405
M255_cocktail_algorithm_3	rpp25l	ENSDARG00000070131	CCACAAGGCGTCAAAAGAGCCTG	0.3152762	0.646	1.56
M256_cocktail_algorithm_3	setdb1b	ENSDARG00000099021	CCTGCAAACCGTGCTGAACCAGA	0.23508994	0.2775	3.75
M257_cocktail_algorithm_3	stk26	ENSDARG00000060390	CATCCGTGCCATTGGGCTGCTTC	0.2780519	0.2295	4.555
M259_cocktail_algorithm_6	syncripl	ENSDARG00000026723	CTGGAGGCCTCCTCTGGAGCCCC	0.023163939	1	1
M260_cocktail_algorithm_6	tia1	ENSDARG00000052536	TGTGCGTTGCCGTACCATTGTCC	0.007010421	0.994	1.005
M261_cocktail_algorithm_6	ube2al	ENSDARG00000003017	AGCTCTGCTCTACAATCGCTGAC	0.43066627	0.993	1.005
M267_cocktail_algorithm_3	ncbp2	ENSDARG00000014898	AGTCCTGCCTGTATTCATCTCTG	0.16723315	0.3315	3.11
M268_cocktail_algorithm_3	h2af1al	ENSDARG00000098739	GCTCGCGGGCAGCTTTGGTCTTC	0.068122394	1	1
M269_cocktail_algorithm_3	aebp2	ENSDARG00000006038	CCTTCACCTTCCCAGAATCCTCC	0.07521203	0.774	1.375
M271_cocktail_algorithm_6	cdca7b	ENSDARG00000076659	GCTCAGTATTTGCATCTCCTCAT	0.48350823	0.5545	1.805
M272_cocktail_algorithm_6	dcun1d3	ENSDARG00000011493	CTGGCCCTGCTCTGCATCCAGAC	0.11272843	1	1
M273_cocktail_algorithm_6	dnajc5ga	ENSDARG00000041896	CTCTGCTTTGATCTGGGCCTCCA	0.088879295	1	1
M279_cocktail_algorithm_3	papolg	ENSDARG00000012141	TCCATTTACACTGTTGGCCAGTT	0.37832788	0.139	7.715
M280_cocktail_algorithm_3	peli2	ENSDARG00000029045	CGTTGCTCCACAAAGGTCAACCA	0.56324196	0.2175	4.92
M281_cocktail_algorithm_3	ppp4r2b	ENSDARG00000053447	GCTGGGCTCTTCTGAAGAGTCAT	0.51176155	0.9375	1.07
M283_cocktail_algorithm_6	rbbp5	ENSDARG00000042147	CCGGTGCGAACGCACTCCAGTTC	0.030337246	1	1
M284_cocktail_algorithm_6	rbm25b	ENSDARG00000006395	CCTGGATCGACTGCGGCCCTCGC	0.23898183	0.612	1.64
M285_cocktail_algorithm_6	rnf128a	ENSDARG00000016867	GTGCTCCAGCAGCCATGGCTCTA	0.1852925	0.583	1.725
M291_cocktail_algorithm_3	suz12a	ENSDARG00000070256	TCTCTGGCCTCTGTCTGCTGCCG	0.29494023	0.537	1.865
M292_cocktail_algorithm_3	tarbp2	ENSDARG00000070471	TCCAGATAGCTGACGTCAAAGCG	0.5143027	0.1095	9.155
M293_cocktail_algorithm_3	tatdn2	ENSDARG00000070618	TAACCCCAGCTACCAGGTGATGA	0.15522157	0.14	7.72
M295_cocktail_algorithm_6	tlk2	ENSDARG00000010779	CAGTTCTTATTAAGCTGGTGAAT	0.015082451	0.712	1.405
M296_cocktail_algorithm_6	tspan31	ENSDARG00000074554	TCAGACCGCAGGTGACGCATTCT	0.33430737	0.2655	3.78
M297_cocktail_algorithm_6	usp1	ENSDARG00000056414	GAGAACTACAATCTGACTTCTCC	0.7028784	0.11885	8.645
M303_cocktail_algorithm_3	atxn2l	ENSDARG00000011597	CATTGACAGGCCGGGCCACATCT	0.1011681	0.404	3.08
M304_cocktail_algorithm_3	bckdk	ENSDARG00000016904	GGTGGCCCTCATGGCGTTCTTCA	0.5710291	0.0534	18.75
M305_cocktail_algorithm_3	bzw1b	ENSDARG00000099148	GAACTCCTGGATCCTCTGCAGCA	0.26096174	0.327	3.07
M307_cocktail_algorithm_6	calm2a	ENSDARG00000031427	CCTGTCCGTCTCCATCAATGTCT	0.08390026	1	1
M308_cocktail_algorithm_6	chd8	ENSDARG00000075543	TTCTCCTCAGCACCTGTAATGAG	0.15715435	0.885	1.135
M309_cocktail_algorithm_6	cstf2	ENSDARG00000090788	CAGGGTCCACGATCCTCATGACC	0.011979523	0.8365	1.195
M315_cocktail_algorithm_3	drap1	ENSDARG00000041203	ACCTGCGGAGACGACATGCCCAC	0.12999634	0.484	2.08
M316_cocktail_algorithm_3	erf	ENSDARG00000063417	TCACATTCCTCATCTTCATGCTC	0.12159559	0.336	3.39
M317_cocktail_algorithm_3	h2az2a	ENSDARG00000068820	CCAGCAATAGTGGCCTTGATAAG	0.07416839	0.4055	2.545
M319_cocktail_algorithm_6	ilf2	ENSDARG00000014591	TTGACTGAGAAGCATTCTCCTCA	0.07454974	0.6625	1.51
M320_cocktail_algorithm_6	kdm3b	ENSDARG00000062267	AAGACGTTCCTCCAATGAAAACT	0.027164627	0.4555	2.22
M321_cocktail_algorithm_6	nfyc	ENSDARG00000070151	GATGAAGAGATGATGGGAAGTGG	0.4305988	0.153	6.54
M39_cocktail_algorithm_1	ppp4r2a	ENSDARG00000026540	GGATACACACAACTGACCACCAT	0.57750803	0.3295	3.115
M40_cocktail_algorithm_1	abhd17c	ENSDARG00000058452	ATCGAGCTCCCGTTGCGAGTACT	0.5531885	0.799	1.335
M41_cocktail_algorithm_1	alg3	ENSDARG00000053155	AAGATATATACAAAACCAGCTGG	0.34457314	0.47	2.17
M42_cocktail_algorithm_1	ctdspl2a	ENSDARG00000061587	AACACGGCTTCTCTTCGCAGGAG	0.15854126	0.15315	7.545
M43_cocktail_algorithm_4	ctdspl3	ENSDARG00000089646	CCGGAGCGGCTCGGCGGCGGCGA	0.032810457	0.3195	3.15
M44_cocktail_algorithm_4	dctpp1	ENSDARG00000054334	GGTAGACCCTCCGCCACCTCCCC	0.047944747	0.55	1.815
M45_cocktail_algorithm_4	emc6	ENSDARG00000035282	GACTGAGGCCATGATGAGATGTT	0.017610073	0.419	2.4
M46_cocktail_algorithm_4	golga7	ENSDARG00000057676	CCTCAAACTGCACCTTGTCAATC	0.14502071	0.193	5.195
M47_cocktail_algorithm_7	gtf3ab	ENSDARG00000071583	GGATTCTTTCTCCCATTCTAACT	0.016738595	1	1
M48_cocktail_algorithm_7	hexim1	ENSDARG00000036482	ATGCACATCTCCTGACACCAAAC	0.095089175	0.8755	1.145
M49_cocktail_algorithm_7	ilf3a	ENSDARG00000058660	CAGAAGCTTCCTGGATCGATGGA	0.30398193	0.185	5.755
M50_cocktail_algorithm_7	kdm2ab	ENSDARG00000078133	CCACAAATAATTTCACATCACTG	0.32827967	0.34	3.005
M51_cocktail_algorithm_1	lmnb1	ENSDARG00000044299	GCCGCGGGACAACGACTGCTGCC	0.011153612	0.383	2.615
M53_cocktail_algorithm_1	mier1a	ENSDARG00000041072	TCTTCCTCTGGAGAGGCACCACT	0.35675785	0.4855	2.08
M55_cocktail_algorithm_4	mycla	ENSDARG00000006003	GGCGACATGGGCGGGGTGGGAAG	0.00438701	0.9295	1.075
M56_cocktail_algorithm_4	naa40	ENSDARG00000024109	CATAGCTGCCCGTTCTTCAAGTC	0.037639614	0.278	3.595
M57_cocktail_algorithm_4	nfyal	ENSDARG00000001621	ACCACTATCTGATCCCCACTGGC	0.3369075	0.69	1.455
M59_cocktail_algorithm_7	pabpn1l	ENSDARG00000087996	ATGTCAGACTCGTCCATTTCCAG	0.23534815	0.855	1.17
M60_cocktail_algorithm_7	prrg4	ENSDARG00000030753	AGATTACCCGGGGTAAAGATCTC	0.030314054	0.881	1.14
M61_cocktail_algorithm_7	pttg1	ENSDARG00000075421	CATTCAGAGGTGTTCTCAAGCAC	0.2868121	0.644	1.565
M63_cocktail_algorithm_1	rpp25l	ENSDARG00000070131	GGTCGGGGAACGGACATGGGCAG	0.016481899	1	1
M64_cocktail_algorithm_1	setdb1b	ENSDARG00000099021	CCTCTTCTGCACAGCCTCGCTGC	0.4990176	0.5545	1.985
M65_cocktail_algorithm_1	stk26	ENSDARG00000060390	CCTTTAAACACCTCACCGAACGA	0.025398234	0.58	1.73
M67_cocktail_algorithm_4	syncripl	ENSDARG00000026723	TCTCATCTAGTTTGACCGCAACT	0.64985734	0.2885	3.475
M68_cocktail_algorithm_4	tia1	ENSDARG00000052536	GATCGTTACCTGCCGTATCGACA	0.3927838	0.06765	16.15
M69_cocktail_algorithm_4	ube2al	ENSDARG00000003017	CCTTCTGGACCGAAAATAACTGC	0.011296149	1	1
M71_cocktail_algorithm_7	zc3h18	ENSDARG00000062506	TTTTCATCGTCATTCAAGAGCTC	0.02562024	0.291	3.715
M72_cocktail_algorithm_7	znf367	ENSDARG00000021086	CCATGGGTACACCATAAAGTCGC	0.15578797	0.7825	1.385
M73_cocktail_algorithm_7	znf395a	ENSDARG00000060113	TTCCACCACACCTCCACATTCCT	0.43839934	0.734	1.365
M75_cocktail_algorithm_1	ncbp2	ENSDARG00000014898	GAGCTTCTCCTGCTCGTAACGGT	0.21978435	0.59	1.71
M76_cocktail_algorithm_1	h2af1al	ENSDARG00000098739	CGATGCGGCCCACCGGGAACTGC	0.15920389	1	1
M77_cocktail_algorithm_1	aebp2	ENSDARG00000006038	CATTCCGGTGCCGCCGCCGCCGC	0.07846965	0.3725	2.92
M79_cocktail_algorithm_4	cdca7b	ENSDARG00000076659	GTCAGTCACATCCTGCTGCTTCG	0.9580329	0.0502	20
M80_cocktail_algorithm_4	dcun1d3	ENSDARG00000011493	TCGACGCAGAGGTCATTGCAGAA	0.015014275	0.935	1.075
M81_cocktail_algorithm_4	dnajc5ga	ENSDARG00000041896	CCTTATACAAACTATCCCCTGTA	0.09638564	0.624	1.63
M83_cocktail_algorithm_7	h1m	ENSDARG00000102892	CAGTGGTCTCATTCTCAGAGCTC	0.5151812	0.9145	1.105
M84_cocktail_algorithm_7	hcfc1a	ENSDARG00000015990	AGATCACCCAAACGACAGCCACT	0.8037506	0.555	1.865
M85_cocktail_algorithm_7	kdm4ab	ENSDARG00000019103	GTGTCCCATTCACATCAGCTCCA	0.65486413	0.88	1.135
M87_cocktail_algorithm_1	papolg	ENSDARG00000012141	GCTGATTGAAGATGTGATGCCAT	0.83333486	0.098	11.6
M88_cocktail_algorithm_1	peli2	ENSDARG00000029045	CTAAAACCACCAGTTCCCCGTAC	0.19180219	0.5075	2.665
M89_cocktail_algorithm_1	ppp4r2b	ENSDARG00000053447	TTGAGAGCCTCCAGAAGAGTGTC	0.10399295	0.2235	5.275
M91_cocktail_algorithm_4	rbbp5	ENSDARG00000042147	AGAGTCCCATCAGCCTCCTCTGG	0.2513367	0.3135	3.19
M92_cocktail_algorithm_4	rbm25b	ENSDARG00000006395	CTGTCTGATCAGCATATCAGAGG	0.066708654	0.05605	17.85
M93_cocktail_algorithm_4	rnf128a	ENSDARG00000016867	AGCCACGAAAACACGTCCCGACT	0.43040672	0.2235	4.56
M95_cocktail_algorithm_7	smarce1	ENSDARG00000016871	CCACAAACCCAGGGGTGGTGGGC	0.0014338052	0.6405	1.575
M96_cocktail_algorithm_7	smurf1	ENSDARG00000016086	TCTCTGGTCTGCAAACTCACAAC	0.37433255	0.844	1.195
M97_cocktail_algorithm_7	snupn	ENSDARG00000008395	TCCTCCTCATCCTCACTGTCGGC	0.5837707	0.852	1.18
M99_cocktail_algorithm_1	suz12a	ENSDARG00000070256	CTCGCGCTGTTGCCATAAAAACC	0.00702031	1	1
